1544599877746404998,0.0,0.0,58:bc:27:92:80:7f,-61,20:bb:c0:1d:18:6f,-69,1c:e6:c7:4a:d3:6f,-75,58:bc:27:92:80:70,-49,1c:e6:c7:4a:d3:60,-47,b0:aa:77:34:54:30,-53,20:bb:c0:1d:18:60,-70,b0:aa:77:62:41:20,-67,00:25:84:23:1d:90,-74,1c:e6:c7:4b:b7:5f,-70,1c:e6:c7:4b:b7:50,-60,b0:aa:77:45:10:a0,-73,b0:aa:77:34:54:3f,-80,00:25:84:23:1d:b0,-68,5c:a4:8a:bf:bb:00,-61,5c:a4:8a:bf:bb:0f,-78,1c:e6:c7:4b:c5:80,-59,1c:e6:c7:4c:66:7f,-87,00:23:eb:3a:12:20,-75,00:25:84:23:1d:9f,-86,1c:e6:c7:4c:66:70,-77,84:b8:02:c9:6f:40,-67,34:bd:c8:db:c4:10,-75,1c:e6:c7:4b:c5:8f,-88,b0:aa:77:45:10:af,-92,b0:aa:77:62:41:2f,-81,84:b8:02:c9:6d:50,-76,00:25:84:22:f6:30,-74,84:b8:02:9e:73:c0,-76,00:25:84:22:ff:90,-79
1544599880732596011,0.0,0.0,58:bc:27:92:80:7f,-69,20:bb:c0:1d:18:6f,-81,1c:e6:c7:4a:d3:6f,-60,58:bc:27:92:80:70,-64,1c:e6:c7:4a:d3:60,-44,b0:aa:77:34:54:30,-63,20:bb:c0:1d:18:60,-65,b0:aa:77:62:41:20,-67,00:25:84:23:1d:90,-70,1c:e6:c7:4b:b7:5f,-75,1c:e6:c7:4b:b7:50,-67,b0:aa:77:45:10:a0,-76,b0:aa:77:34:54:3f,-76,00:25:84:23:1d:b0,-73,5c:a4:8a:bf:bb:00,-65,5c:a4:8a:bf:bb:0f,-81,1c:e6:c7:4b:c5:80,-69,1c:e6:c7:4c:66:7f,-87,00:23:eb:3a:12:20,-73,00:25:84:23:1d:9f,-85,1c:e6:c7:4c:66:70,-77,84:b8:02:c9:6f:40,-67,34:bd:c8:db:c4:10,-75,1c:e6:c7:4b:c5:8f,-88,b0:aa:77:45:10:af,-92,b0:aa:77:62:41:2f,-81,84:b8:02:c9:6d:50,-76,00:25:84:22:f6:30,-74,84:b8:02:9e:73:c0,-76,00:25:84:22:ff:90,-79
1544599883818734270,0.0005970328780105685,3.609895737820992e-06,58:bc:27:92:80:7f,-70,20:bb:c0:1d:18:6f,-78,1c:e6:c7:4a:d3:6f,-68,58:bc:27:92:80:70,-53,1c:e6:c7:4a:d3:60,-53,b0:aa:77:34:54:30,-52,20:bb:c0:1d:18:60,-69,b0:aa:77:62:41:20,-67,00:25:84:23:1d:90,-65,1c:e6:c7:4b:b7:5f,-77,1c:e6:c7:4b:b7:50,-60,b0:aa:77:45:10:a0,-73,b0:aa:77:34:54:3f,-85,00:25:84:23:1d:b0,-73,5c:a4:8a:bf:bb:00,-60,5c:a4:8a:bf:bb:0f,-80,1c:e6:c7:4b:c5:80,-69,1c:e6:c7:4c:66:7f,-86,00:23:eb:3a:12:20,-70,00:25:84:23:1d:9f,-85,1c:e6:c7:4c:66:70,-77,84:b8:02:c9:6f:40,-67,34:bd:c8:db:c4:10,-78,1c:e6:c7:4b:c5:8f,-88,b0:aa:77:62:41:2f,-81,84:b8:02:c9:6d:50,-75
1544599886805024277,0.007800645169564464,0.00020782978563838777,58:bc:27:92:80:7f,-70,20:bb:c0:1d:18:6f,-86,1c:e6:c7:4a:d3:6f,-61,58:bc:27:92:80:70,-62,1c:e6:c7:4a:d3:60,-51,b0:aa:77:34:54:30,-54,20:bb:c0:1d:18:60,-69,b0:aa:77:62:41:20,-67,00:25:84:23:1d:90,-65,1c:e6:c7:4b:b7:5f,-74,1c:e6:c7:4b:b7:50,-60,b0:aa:77:45:10:a0,-73,b0:aa:77:34:54:3f,-77,00:25:84:23:1d:b0,-73,5c:a4:8a:bf:bb:00,-65,5c:a4:8a:bf:bb:0f,-77,1c:e6:c7:4b:c5:80,-69,1c:e6:c7:4c:66:7f,-84,00:23:eb:3a:12:20,-70,00:25:84:23:1d:9f,-85,1c:e6:c7:4c:66:70,-77,84:b8:02:c9:6f:40,-67,34:bd:c8:db:c4:10,-78,1c:e6:c7:4b:c5:8f,-88,b0:aa:77:62:41:2f,-81,84:b8:02:c9:6d:50,-75
1544599889851532300,0.00818365699093456,0.00023262788403856428,58:bc:27:92:80:7f,-64,20:bb:c0:1d:18:6f,-79,1c:e6:c7:4a:d3:6f,-68,58:bc:27:92:80:70,-60,1c:e6:c7:4a:d3:60,-54,b0:aa:77:34:54:30,-50,20:bb:c0:1d:18:60,-69,b0:aa:77:62:41:20,-69,00:25:84:23:1d:90,-73,1c:e6:c7:4b:b7:5f,-74,1c:e6:c7:4b:b7:50,-65,b0:aa:77:45:10:a0,-69,b0:aa:77:34:54:3f,-71,00:25:84:23:1d:b0,-73,5c:a4:8a:bf:bb:00,-68,5c:a4:8a:bf:bb:0f,-77,1c:e6:c7:4b:c5:80,-65,1c:e6:c7:4c:66:7f,-84,00:23:eb:3a:12:20,-70,00:25:84:23:1d:9f,-85,1c:e6:c7:4c:66:70,-77,84:b8:02:c9:6f:40,-70,34:bd:c8:db:c4:10,-78,1c:e6:c7:4b:c5:8f,-83,b0:aa:77:62:41:2f,-79,84:b8:02:c9:6d:50,-75,b0:aa:77:45:43:e0,-78
1544599892897331924,0.00826878170823547,0.00023796856159226723,58:bc:27:92:80:7f,-64,20:bb:c0:1d:18:6f,-79,1c:e6:c7:4a:d3:6f,-68,58:bc:27:92:80:70,-60,1c:e6:c7:4a:d3:60,-54,b0:aa:77:34:54:30,-50,20:bb:c0:1d:18:60,-69,b0:aa:77:62:41:20,-69,00:25:84:23:1d:90,-73,1c:e6:c7:4b:b7:5f,-74,1c:e6:c7:4b:b7:50,-65,b0:aa:77:45:10:a0,-69,b0:aa:77:34:54:3f,-71,00:25:84:23:1d:b0,-73,5c:a4:8a:bf:bb:00,-68,5c:a4:8a:bf:bb:0f,-77,1c:e6:c7:4b:c5:80,-65,1c:e6:c7:4c:66:7f,-84,00:23:eb:3a:12:20,-70,00:25:84:23:1d:9f,-85,1c:e6:c7:4c:66:70,-77,84:b8:02:c9:6f:40,-70,34:bd:c8:db:c4:10,-78,1c:e6:c7:4b:c5:8f,-83,b0:aa:77:62:41:2f,-79,84:b8:02:c9:6d:50,-75,b0:aa:77:45:43:e0,-78
1544599895923546701,-0.00035092589408086173,0.0006194791838516245,58:bc:27:92:80:7f,-66,20:bb:c0:1d:18:6f,-78,1c:e6:c7:4a:d3:6f,-66,58:bc:27:92:80:70,-59,1c:e6:c7:4a:d3:60,-62,b0:aa:77:34:54:30,-56,20:bb:c0:1d:18:60,-70,b0:aa:77:62:41:20,-74,00:25:84:23:1d:90,-75,1c:e6:c7:4b:b7:5f,-73,1c:e6:c7:4b:b7:50,-66,b0:aa:77:45:10:a0,-72,b0:aa:77:34:54:3f,-72,00:25:84:23:1d:b0,-72,5c:a4:8a:bf:bb:00,-67,5c:a4:8a:bf:bb:0f,-77,1c:e6:c7:4b:c5:80,-65,1c:e6:c7:4c:66:7f,-84,00:23:eb:3a:12:20,-75,00:25:84:23:1d:9f,-85,84:b8:02:c9:6f:40,-70,34:bd:c8:db:c4:10,-78,1c:e6:c7:4b:c5:8f,-86,b0:aa:77:62:41:2f,-79,84:b8:02:c9:6d:50,-75,b0:aa:77:45:43:e0,-78
1544599898990429662,-0.00035092589408086173,0.0006194791838516245,58:bc:27:92:80:7f,-73,20:bb:c0:1d:18:6f,-80,1c:e6:c7:4a:d3:6f,-74,58:bc:27:92:80:70,-55,1c:e6:c7:4a:d3:60,-50,b0:aa:77:34:54:30,-53,20:bb:c0:1d:18:60,-70,b0:aa:77:62:41:20,-72,00:25:84:23:1d:90,-75,1c:e6:c7:4b:b7:5f,-85,1c:e6:c7:4b:b7:50,-63,b0:aa:77:45:10:a0,-69,b0:aa:77:34:54:3f,-76,00:25:84:23:1d:b0,-72,5c:a4:8a:bf:bb:00,-65,5c:a4:8a:bf:bb:0f,-80,1c:e6:c7:4b:c5:80,-56,1c:e6:c7:4c:66:7f,-92,00:23:eb:3a:12:20,-75,00:25:84:23:1d:9f,-85,84:b8:02:c9:6f:40,-68,34:bd:c8:db:c4:10,-75,1c:e6:c7:4b:c5:8f,-86,b0:aa:77:62:41:2f,-79,84:b8:02:c9:6d:50,-75,b0:aa:77:45:43:e0,-79,84:b8:02:9e:73:c0,-77
1544599901995909260,-0.00035092589408086173,0.0006194791838516245,58:bc:27:92:80:7f,-65,20:bb:c0:1d:18:6f,-78,1c:e6:c7:4a:d3:6f,-67,58:bc:27:92:80:70,-61,1c:e6:c7:4a:d3:60,-54,b0:aa:77:34:54:30,-64,20:bb:c0:1d:18:60,-70,b0:aa:77:62:41:20,-76,00:25:84:23:1d:90,-75,1c:e6:c7:4b:b7:5f,-76,1c:e6:c7:4b:b7:50,-70,b0:aa:77:45:10:a0,-72,b0:aa:77:34:54:3f,-80,00:25:84:23:1d:b0,-72,5c:a4:8a:bf:bb:00,-65,5c:a4:8a:bf:bb:0f,-82,1c:e6:c7:4b:c5:80,-56,1c:e6:c7:4c:66:7f,-92,00:23:eb:3a:12:20,-75,00:25:84:23:1d:9f,-89,84:b8:02:c9:6f:40,-68,34:bd:c8:db:c4:10,-76,1c:e6:c7:4b:c5:8f,-86,b0:aa:77:62:41:2f,-79,84:b8:02:c9:6d:50,-75,b0:aa:77:45:43:e0,-79,84:b8:02:9e:73:c0,-77,00:25:84:22:f6:30,-77,84:b8:02:c9:6f:4f,-92
1544599905042464790,-0.00030898854646743625,0.0006117368354854087,58:bc:27:92:80:7f,-72,20:bb:c0:1d:18:6f,-81,1c:e6:c7:4a:d3:6f,-71,58:bc:27:92:80:70,-59,1c:e6:c7:4a:d3:60,-53,b0:aa:77:34:54:30,-57,20:bb:c0:1d:18:60,-70,b0:aa:77:62:41:20,-72,00:25:84:23:1d:90,-76,1c:e6:c7:4b:b7:5f,-80,1c:e6:c7:4b:b7:50,-71,b0:aa:77:45:10:a0,-71,b0:aa:77:34:54:3f,-74,00:25:84:23:1d:b0,-72,5c:a4:8a:bf:bb:00,-65,5c:a4:8a:bf:bb:0f,-81,1c:e6:c7:4b:c5:80,-56,1c:e6:c7:4c:66:7f,-92,00:23:eb:3a:12:20,-75,00:25:84:23:1d:9f,-89,84:b8:02:c9:6f:40,-68,34:bd:c8:db:c4:10,-76,1c:e6:c7:4b:c5:8f,-86,b0:aa:77:62:41:2f,-79,84:b8:02:c9:6d:50,-75,b0:aa:77:45:43:e0,-78,84:b8:02:9e:73:c0,-77,00:25:84:22:f6:30,-77,84:b8:02:c9:6f:4f,-92,1c:e6:c7:4c:66:70,-79
1544599908087266260,0.000700366367204784,0.0004422099472670068,58:bc:27:92:80:7f,-71,20:bb:c0:1d:18:6f,-84,1c:e6:c7:4a:d3:6f,-62,58:bc:27:92:80:70,-56,1c:e6:c7:4a:d3:60,-48,b0:aa:77:34:54:30,-60,20:bb:c0:1d:18:60,-70,b0:aa:77:62:41:20,-66,00:25:84:23:1d:90,-70,1c:e6:c7:4b:b7:5f,-72,1c:e6:c7:4b:b7:50,-67,b0:aa:77:45:10:a0,-71,b0:aa:77:34:54:3f,-72,00:25:84:23:1d:b0,-72,5c:a4:8a:bf:bb:00,-66,5c:a4:8a:bf:bb:0f,-85,1c:e6:c7:4b:c5:80,-65,1c:e6:c7:4c:66:7f,-92,00:23:eb:3a:12:20,-75,00:25:84:23:1d:9f,-89,84:b8:02:c9:6f:40,-68,34:bd:c8:db:c4:10,-76,1c:e6:c7:4b:c5:8f,-86,b0:aa:77:62:41:2f,-79,84:b8:02:c9:6d:50,-75,b0:aa:77:45:43:e0,-78,84:b8:02:9e:73:c0,-77,00:25:84:22:f6:30,-77,84:b8:02:c9:6f:4f,-92,1c:e6:c7:4c:66:70,-79
1544599911130914828,0.304894434418922,-0.048023036396677085,58:bc:27:92:80:7f,-71,20:bb:c0:1d:18:6f,-84,1c:e6:c7:4a:d3:6f,-62,58:bc:27:92:80:70,-56,1c:e6:c7:4a:d3:60,-48,b0:aa:77:34:54:30,-60,20:bb:c0:1d:18:60,-70,b0:aa:77:62:41:20,-66,00:25:84:23:1d:90,-70,1c:e6:c7:4b:b7:5f,-72,1c:e6:c7:4b:b7:50,-67,b0:aa:77:45:10:a0,-71,b0:aa:77:34:54:3f,-72,00:25:84:23:1d:b0,-72,5c:a4:8a:bf:bb:00,-66,5c:a4:8a:bf:bb:0f,-85,1c:e6:c7:4b:c5:80,-65,1c:e6:c7:4c:66:7f,-92,00:23:eb:3a:12:20,-75,00:25:84:23:1d:9f,-89,84:b8:02:c9:6f:40,-68,34:bd:c8:db:c4:10,-76,1c:e6:c7:4b:c5:8f,-86,b0:aa:77:62:41:2f,-79,84:b8:02:c9:6d:50,-75,b0:aa:77:45:43:e0,-78,84:b8:02:9e:73:c0,-77,00:25:84:22:f6:30,-77,84:b8:02:c9:6f:4f,-92,1c:e6:c7:4c:66:70,-79
1544599914139202341,1.1191984925215026,0.10759022066950286,58:bc:27:92:80:7f,-68,20:bb:c0:1d:18:6f,-79,1c:e6:c7:4a:d3:6f,-82,58:bc:27:92:80:70,-52,1c:e6:c7:4a:d3:60,-48,b0:aa:77:34:54:30,-51,20:bb:c0:1d:18:60,-70,b0:aa:77:62:41:20,-72,00:25:84:23:1d:90,-74,1c:e6:c7:4b:b7:5f,-80,1c:e6:c7:4b:b7:50,-64,b0:aa:77:45:10:a0,-68,b0:aa:77:34:54:3f,-76,00:25:84:23:1d:b0,-74,5c:a4:8a:bf:bb:00,-64,5c:a4:8a:bf:bb:0f,-85,1c:e6:c7:4b:c5:80,-55,1c:e6:c7:4c:66:7f,-92,00:23:eb:3a:12:20,-76,00:25:84:23:1d:9f,-88,84:b8:02:c9:6f:40,-68,34:bd:c8:db:c4:10,-76,1c:e6:c7:4b:c5:8f,-84,b0:aa:77:62:41:2f,-79,84:b8:02:c9:6d:50,-75,b0:aa:77:45:43:e0,-78,84:b8:02:9e:73:c0,-77,00:25:84:22:f6:30,-77,84:b8:02:c9:6f:4f,-92,1c:e6:c7:4c:66:70,-79,20:bb:c0:83:e3:90,-80
1544599917222639996,2.1836105558937873,-0.09225379609834904,58:bc:27:92:80:7f,-66,20:bb:c0:1d:18:6f,-81,1c:e6:c7:4a:d3:6f,-69,58:bc:27:92:80:70,-58,1c:e6:c7:4a:d3:60,-53,b0:aa:77:34:54:30,-49,20:bb:c0:1d:18:60,-70,b0:aa:77:62:41:20,-71,00:25:84:23:1d:90,-74,1c:e6:c7:4b:b7:5f,-88,1c:e6:c7:4b:b7:50,-69,b0:aa:77:45:10:a0,-68,b0:aa:77:34:54:3f,-73,00:25:84:23:1d:b0,-67,5c:a4:8a:bf:bb:00,-64,5c:a4:8a:bf:bb:0f,-84,1c:e6:c7:4b:c5:80,-74,1c:e6:c7:4c:66:7f,-92,00:23:eb:3a:12:20,-76,00:25:84:23:1d:9f,-88,84:b8:02:c9:6f:40,-68,34:bd:c8:db:c4:10,-76,1c:e6:c7:4b:c5:8f,-84,b0:aa:77:62:41:2f,-79,b0:aa:77:45:43:e0,-78,84:b8:02:9e:73:c0,-77,00:25:84:22:f6:30,-77,84:b8:02:c9:6f:4f,-92,1c:e6:c7:4c:66:70,-79,20:bb:c0:83:e3:90,-80
1544599920248406395,2.909051232922417,0.0027119326390385775,58:bc:27:92:80:7f,-67,20:bb:c0:1d:18:6f,-72,1c:e6:c7:4a:d3:6f,-81,58:bc:27:92:80:70,-59,1c:e6:c7:4a:d3:60,-54,b0:aa:77:34:54:30,-46,20:bb:c0:1d:18:60,-68,b0:aa:77:62:41:20,-69,00:25:84:23:1d:90,-75,1c:e6:c7:4b:b7:5f,-93,1c:e6:c7:4b:b7:50,-73,b0:aa:77:45:10:a0,-68,b0:aa:77:34:54:3f,-76,00:25:84:23:1d:b0,-62,5c:a4:8a:bf:bb:00,-62,5c:a4:8a:bf:bb:0f,-81,1c:e6:c7:4b:c5:80,-74,1c:e6:c7:4c:66:7f,-92,00:23:eb:3a:12:20,-76,00:25:84:23:1d:9f,-88,84:b8:02:c9:6f:40,-65,34:bd:c8:db:c4:10,-76,1c:e6:c7:4b:c5:8f,-92,b0:aa:77:62:41:2f,-79,b0:aa:77:45:43:e0,-78,84:b8:02:9e:73:c0,-77,00:25:84:22:f6:30,-77,84:b8:02:c9:6f:4f,-92,1c:e6:c7:4c:66:70,-79,20:bb:c0:83:e3:90,-80
1544599923236314642,4.157794708641055,-0.05264032985936209,58:bc:27:92:80:7f,-67,20:bb:c0:1d:18:6f,-88,1c:e6:c7:4a:d3:6f,-75,58:bc:27:92:80:70,-64,1c:e6:c7:4a:d3:60,-60,b0:aa:77:34:54:30,-49,20:bb:c0:1d:18:60,-67,b0:aa:77:62:41:20,-69,00:25:84:23:1d:90,-75,1c:e6:c7:4b:b7:5f,-93,1c:e6:c7:4b:b7:50,-73,b0:aa:77:45:10:a0,-68,b0:aa:77:34:54:3f,-69,00:25:84:23:1d:b0,-69,5c:a4:8a:bf:bb:00,-70,5c:a4:8a:bf:bb:0f,-80,1c:e6:c7:4b:c5:80,-74,1c:e6:c7:4c:66:7f,-92,00:23:eb:3a:12:20,-76,00:25:84:23:1d:9f,-88,84:b8:02:c9:6f:40,-65,34:bd:c8:db:c4:10,-76,1c:e6:c7:4b:c5:8f,-92,b0:aa:77:62:41:2f,-79,b0:aa:77:45:43:e0,-78,84:b8:02:9e:73:c0,-77,00:25:84:22:f6:30,-77,84:b8:02:c9:6f:4f,-92,1c:e6:c7:4c:66:70,-79,20:bb:c0:83:e3:90,-80
1544599926303264137,5.53513206058746,-0.2574696384521212,58:bc:27:92:80:7f,-76,20:bb:c0:1d:18:6f,-84,1c:e6:c7:4a:d3:6f,-75,58:bc:27:92:80:70,-61,1c:e6:c7:4a:d3:60,-71,b0:aa:77:34:54:30,-49,20:bb:c0:1d:18:60,-71,b0:aa:77:62:41:20,-68,00:25:84:23:1d:90,-75,1c:e6:c7:4b:b7:5f,-93,1c:e6:c7:4b:b7:50,-73,b0:aa:77:45:10:a0,-68,b0:aa:77:34:54:3f,-63,00:25:84:23:1d:b0,-53,5c:a4:8a:bf:bb:00,-63,5c:a4:8a:bf:bb:0f,-77,1c:e6:c7:4b:c5:80,-78,1c:e6:c7:4c:66:7f,-92,00:23:eb:3a:12:20,-76,00:25:84:23:1d:9f,-88,84:b8:02:c9:6f:40,-61,34:bd:c8:db:c4:10,-71,1c:e6:c7:4b:c5:8f,-92,b0:aa:77:62:41:2f,-79,b0:aa:77:45:43:e0,-74,84:b8:02:9e:73:c0,-77,00:25:84:22:f6:30,-77,84:b8:02:c9:6f:4f,-92,1c:e6:c7:4c:66:70,-79,20:bb:c0:83:e3:90,-80,00:23:eb:3a:10:50,-75,b0:aa:77:45:10:af,-82
1544599929389222170,6.675021673222213,-0.4954571357833826,58:bc:27:92:80:7f,-76,20:bb:c0:1d:18:6f,-84,1c:e6:c7:4a:d3:6f,-75,58:bc:27:92:80:70,-61,1c:e6:c7:4a:d3:60,-71,b0:aa:77:34:54:30,-49,20:bb:c0:1d:18:60,-71,b0:aa:77:62:41:20,-68,00:25:84:23:1d:90,-75,1c:e6:c7:4b:b7:5f,-93,1c:e6:c7:4b:b7:50,-73,b0:aa:77:45:10:a0,-68,b0:aa:77:34:54:3f,-63,00:25:84:23:1d:b0,-53,5c:a4:8a:bf:bb:00,-63,5c:a4:8a:bf:bb:0f,-77,1c:e6:c7:4b:c5:80,-78,1c:e6:c7:4c:66:7f,-92,00:23:eb:3a:12:20,-76,00:25:84:23:1d:9f,-88,84:b8:02:c9:6f:40,-61,34:bd:c8:db:c4:10,-71,1c:e6:c7:4b:c5:8f,-92,b0:aa:77:62:41:2f,-79,b0:aa:77:45:43:e0,-74,84:b8:02:9e:73:c0,-77,00:25:84:22:f6:30,-77,84:b8:02:c9:6f:4f,-92,1c:e6:c7:4c:66:70,-79,20:bb:c0:83:e3:90,-80,00:23:eb:3a:10:50,-75,b0:aa:77:45:10:af,-82
1544599932455112895,6.674391864639963,-0.4953474367823036,58:bc:27:92:80:7f,-70,20:bb:c0:1d:18:6f,-84,1c:e6:c7:4a:d3:6f,-75,58:bc:27:92:80:70,-61,1c:e6:c7:4a:d3:60,-68,b0:aa:77:34:54:30,-52,20:bb:c0:1d:18:60,-71,b0:aa:77:62:41:20,-70,00:25:84:23:1d:90,-75,1c:e6:c7:4b:b7:5f,-93,1c:e6:c7:4b:b7:50,-73,b0:aa:77:45:10:a0,-69,b0:aa:77:34:54:3f,-69,00:25:84:23:1d:b0,-55,5c:a4:8a:bf:bb:00,-65,5c:a4:8a:bf:bb:0f,-77,1c:e6:c7:4b:c5:80,-78,1c:e6:c7:4c:66:7f,-92,00:23:eb:3a:12:20,-76,00:25:84:23:1d:9f,-88,84:b8:02:c9:6f:40,-68,34:bd:c8:db:c4:10,-71,1c:e6:c7:4b:c5:8f,-92,b0:aa:77:62:41:2f,-79,b0:aa:77:45:43:e0,-69,84:b8:02:9e:73:c0,-77,00:25:84:22:f6:30,-77,84:b8:02:c9:6f:4f,-87,1c:e6:c7:4c:66:70,-79,20:bb:c0:83:e3:90,-80,00:23:eb:3a:10:50,-75,b0:aa:77:45:10:af,-76
1544599935502002653,7.849856667929172,-0.5732529341140098,58:bc:27:92:80:7f,-71,20:bb:c0:1d:18:6f,-83,1c:e6:c7:4a:d3:6f,-75,58:bc:27:92:80:70,-65,1c:e6:c7:4a:d3:60,-68,b0:aa:77:34:54:30,-51,20:bb:c0:1d:18:60,-73,b0:aa:77:62:41:20,-70,00:25:84:23:1d:90,-75,1c:e6:c7:4b:b7:5f,-95,1c:e6:c7:4b:b7:50,-73,b0:aa:77:45:10:a0,-61,b0:aa:77:34:54:3f,-75,00:25:84:23:1d:b0,-55,5c:a4:8a:bf:bb:00,-62,5c:a4:8a:bf:bb:0f,-79,1c:e6:c7:4b:c5:80,-78,00:23:eb:3a:12:20,-76,00:25:84:23:1d:9f,-88,84:b8:02:c9:6f:40,-64,34:bd:c8:db:c4:10,-71,1c:e6:c7:4b:c5:8f,-92,b0:aa:77:62:41:2f,-79,b0:aa:77:45:43:e0,-71,84:b8:02:c9:6f:4f,-87,1c:e6:c7:4c:66:70,-79,20:bb:c0:83:e3:90,-80,00:23:eb:3a:10:50,-77,b0:aa:77:45:10:af,-82,00:25:84:23:1d:bf,-82,b0:aa:77:45:43:ef,-88
1544599938588972457,9.235749565371089,-0.5893631738847253,58:bc:27:92:80:7f,-71,20:bb:c0:1d:18:6f,-83,1c:e6:c7:4a:d3:6f,-75,58:bc:27:92:80:70,-65,1c:e6:c7:4a:d3:60,-67,b0:aa:77:34:54:30,-52,20:bb:c0:1d:18:60,-74,b0:aa:77:62:41:20,-70,00:25:84:23:1d:90,-75,1c:e6:c7:4b:b7:5f,-91,1c:e6:c7:4b:b7:50,-73,b0:aa:77:45:10:a0,-63,b0:aa:77:34:54:3f,-74,00:25:84:23:1d:b0,-50,5c:a4:8a:bf:bb:00,-66,5c:a4:8a:bf:bb:0f,-73,1c:e6:c7:4b:c5:80,-78,00:23:eb:3a:12:20,-76,00:25:84:23:1d:9f,-88,84:b8:02:c9:6f:40,-62,34:bd:c8:db:c4:10,-71,1c:e6:c7:4b:c5:8f,-92,b0:aa:77:62:41:2f,-79,b0:aa:77:45:43:e0,-71,84:b8:02:c9:6f:4f,-87,20:bb:c0:83:e3:90,-80,00:23:eb:3a:10:50,-77,b0:aa:77:45:10:af,-86,00:25:84:23:1d:bf,-82,b0:aa:77:45:43:ef,-88
1544599941655781355,10.361760152014115,-0.5566723008613,58:bc:27:92:80:7f,-77,20:bb:c0:1d:18:6f,-86,1c:e6:c7:4a:d3:6f,-88,58:bc:27:92:80:70,-65,1c:e6:c7:4a:d3:60,-76,b0:aa:77:34:54:30,-58,20:bb:c0:1d:18:60,-75,b0:aa:77:62:41:20,-70,00:25:84:23:1d:90,-75,1c:e6:c7:4b:b7:5f,-91,1c:e6:c7:4b:b7:50,-73,b0:aa:77:45:10:a0,-56,b0:aa:77:34:54:3f,-79,00:25:84:23:1d:b0,-58,5c:a4:8a:bf:bb:00,-57,5c:a4:8a:bf:bb:0f,-75,1c:e6:c7:4b:c5:80,-78,00:23:eb:3a:12:20,-76,00:25:84:23:1d:9f,-88,84:b8:02:c9:6f:40,-59,34:bd:c8:db:c4:10,-71,1c:e6:c7:4b:c5:8f,-92,b0:aa:77:45:43:e0,-68,84:b8:02:c9:6f:4f,-87,20:bb:c0:83:e3:90,-80,00:23:eb:3a:10:50,-77,b0:aa:77:45:10:af,-81,00:25:84:23:1d:bf,-82,b0:aa:77:45:43:ef,-85,00:23:eb:3a:0f:00,-75
1544599944719647073,11.53830556870877,-0.7101522683832544,58:bc:27:92:80:7f,-73,20:bb:c0:1d:18:6f,-86,1c:e6:c7:4a:d3:6f,-89,58:bc:27:92:80:70,-65,1c:e6:c7:4a:d3:60,-76,b0:aa:77:34:54:30,-61,20:bb:c0:1d:18:60,-75,b0:aa:77:62:41:20,-70,00:25:84:23:1d:90,-75,1c:e6:c7:4b:b7:5f,-91,1c:e6:c7:4b:b7:50,-73,b0:aa:77:45:10:a0,-61,b0:aa:77:34:54:3f,-83,00:25:84:23:1d:b0,-65,5c:a4:8a:bf:bb:00,-63,5c:a4:8a:bf:bb:0f,-68,1c:e6:c7:4b:c5:80,-78,84:b8:02:c9:6f:40,-48,34:bd:c8:db:c4:10,-71,1c:e6:c7:4b:c5:8f,-92,b0:aa:77:45:43:e0,-68,84:b8:02:c9:6f:4f,-87,00:23:eb:3a:10:50,-77,b0:aa:77:45:10:af,-87,00:25:84:23:1d:bf,-82,b0:aa:77:45:43:ef,-89,00:23:eb:3a:0f:00,-75,84:b8:02:c9:6d:50,-68
1544599947786608575,12.90599647154025,-0.8588894478623783,58:bc:27:92:80:7f,-73,20:bb:c0:1d:18:6f,-86,1c:e6:c7:4a:d3:6f,-89,58:bc:27:92:80:70,-65,1c:e6:c7:4a:d3:60,-76,b0:aa:77:34:54:30,-61,20:bb:c0:1d:18:60,-75,b0:aa:77:62:41:20,-70,00:25:84:23:1d:90,-75,1c:e6:c7:4b:b7:5f,-91,1c:e6:c7:4b:b7:50,-73,b0:aa:77:45:10:a0,-61,b0:aa:77:34:54:3f,-83,00:25:84:23:1d:b0,-65,5c:a4:8a:bf:bb:00,-63,5c:a4:8a:bf:bb:0f,-68,1c:e6:c7:4b:c5:80,-78,84:b8:02:c9:6f:40,-48,34:bd:c8:db:c4:10,-71,1c:e6:c7:4b:c5:8f,-92,b0:aa:77:45:43:e0,-68,84:b8:02:c9:6f:4f,-87,00:23:eb:3a:10:50,-77,b0:aa:77:45:10:af,-87,00:25:84:23:1d:bf,-82,b0:aa:77:45:43:ef,-89,00:23:eb:3a:0f:00,-75,84:b8:02:c9:6d:50,-68
1544599950835663199,14.325482192138757,-0.9668865666775642,58:bc:27:92:80:7f,-75,20:bb:c0:1d:18:6f,-86,1c:e6:c7:4a:d3:6f,-89,58:bc:27:92:80:70,-61,1c:e6:c7:4a:d3:60,-74,b0:aa:77:34:54:30,-60,20:bb:c0:1d:18:60,-75,b0:aa:77:62:41:20,-70,00:25:84:23:1d:90,-75,1c:e6:c7:4b:b7:5f,-91,1c:e6:c7:4b:b7:50,-73,b0:aa:77:45:10:a0,-65,b0:aa:77:34:54:3f,-79,00:25:84:23:1d:b0,-66,5c:a4:8a:bf:bb:00,-59,5c:a4:8a:bf:bb:0f,-73,1c:e6:c7:4b:c5:80,-78,84:b8:02:c9:6f:40,-56,34:bd:c8:db:c4:10,-71,1c:e6:c7:4b:c5:8f,-92,b0:aa:77:45:43:e0,-60,84:b8:02:c9:6f:4f,-87,00:23:eb:3a:10:50,-77,b0:aa:77:45:10:af,-90,00:25:84:23:1d:bf,-82,b0:aa:77:45:43:ef,-89,00:23:eb:3a:0f:00,-75,84:b8:02:c9:6d:50,-68,84:b8:02:c9:6d:5f,-84
1544599953882590266,15.779021379926084,-1.0508515057327066,58:bc:27:92:80:7f,-80,20:bb:c0:1d:18:6f,-86,1c:e6:c7:4a:d3:6f,-89,58:bc:27:92:80:70,-61,1c:e6:c7:4a:d3:60,-74,b0:aa:77:34:54:30,-69,20:bb:c0:1d:18:60,-75,b0:aa:77:62:41:20,-70,1c:e6:c7:4b:b7:5f,-91,1c:e6:c7:4b:b7:50,-73,b0:aa:77:45:10:a0,-64,b0:aa:77:34:54:3f,-79,00:25:84:23:1d:b0,-74,5c:a4:8a:bf:bb:00,-56,5c:a4:8a:bf:bb:0f,-68,1c:e6:c7:4b:c5:80,-78,84:b8:02:c9:6f:40,-54,34:bd:c8:db:c4:10,-71,b0:aa:77:45:43:e0,-67,84:b8:02:c9:6f:4f,-72,00:23:eb:3a:10:50,-77,b0:aa:77:45:10:af,-86,00:25:84:23:1d:bf,-82,b0:aa:77:45:43:ef,-89,00:23:eb:3a:0f:00,-75,84:b8:02:c9:6d:50,-62,84:b8:02:c9:6d:5f,-86
1544599956948712883,17.01235782354537,-1.2008818356116542,58:bc:27:92:80:7f,-79,20:bb:c0:1d:18:6f,-86,1c:e6:c7:4a:d3:6f,-89,58:bc:27:92:80:70,-68,1c:e6:c7:4a:d3:60,-74,b0:aa:77:34:54:30,-70,20:bb:c0:1d:18:60,-75,b0:aa:77:62:41:20,-70,1c:e6:c7:4b:b7:5f,-91,1c:e6:c7:4b:b7:50,-73,b0:aa:77:45:10:a0,-63,b0:aa:77:34:54:3f,-89,00:25:84:23:1d:b0,-74,5c:a4:8a:bf:bb:00,-49,5c:a4:8a:bf:bb:0f,-72,1c:e6:c7:4b:c5:80,-78,84:b8:02:c9:6f:40,-48,34:bd:c8:db:c4:10,-71,b0:aa:77:45:43:e0,-59,84:b8:02:c9:6f:4f,-72,00:23:eb:3a:10:50,-77,b0:aa:77:45:10:af,-86,00:25:84:23:1d:bf,-82,b0:aa:77:45:43:ef,-78,00:23:eb:3a:0f:00,-75,84:b8:02:c9:6d:50,-63,84:b8:02:c9:6d:5f,-86,00:23:eb:3a:17:60,-73
1544599959974701932,18.451326625759297,-1.409124135644226,58:bc:27:92:80:7f,-75,20:bb:c0:1d:18:6f,-86,1c:e6:c7:4a:d3:6f,-89,58:bc:27:92:80:70,-68,1c:e6:c7:4a:d3:60,-74,b0:aa:77:34:54:30,-70,20:bb:c0:1d:18:60,-75,b0:aa:77:62:41:20,-70,1c:e6:c7:4b:b7:5f,-91,1c:e6:c7:4b:b7:50,-73,b0:aa:77:45:10:a0,-63,b0:aa:77:34:54:3f,-89,00:25:84:23:1d:b0,-74,5c:a4:8a:bf:bb:00,-55,5c:a4:8a:bf:bb:0f,-68,84:b8:02:c9:6f:40,-46,b0:aa:77:45:43:e0,-60,84:b8:02:c9:6f:4f,-64,00:23:eb:3a:10:50,-77,b0:aa:77:45:10:af,-81,00:25:84:23:1d:bf,-82,b0:aa:77:45:43:ef,-71,00:23:eb:3a:0f:00,-75,84:b8:02:c9:6d:50,-63,84:b8:02:c9:6d:5f,-85,00:23:eb:3a:17:60,-73
1544599963058696986,19.924722928994893,-1.5695998469810057,58:bc:27:92:80:7f,-77,20:bb:c0:1d:18:6f,-86,1c:e6:c7:4a:d3:6f,-91,58:bc:27:92:80:70,-74,1c:e6:c7:4a:d3:60,-74,b0:aa:77:34:54:30,-73,20:bb:c0:1d:18:60,-75,1c:e6:c7:4b:b7:5f,-91,1c:e6:c7:4b:b7:50,-73,b0:aa:77:45:10:a0,-58,b0:aa:77:34:54:3f,-89,00:25:84:23:1d:b0,-71,5c:a4:8a:bf:bb:00,-48,5c:a4:8a:bf:bb:0f,-71,84:b8:02:c9:6f:40,-49,b0:aa:77:45:43:e0,-52,84:b8:02:c9:6f:4f,-71,00:23:eb:3a:10:50,-77,b0:aa:77:45:10:af,-82,00:25:84:23:1d:bf,-82,b0:aa:77:45:43:ef,-62,00:23:eb:3a:0f:00,-75,84:b8:02:c9:6d:50,-61,84:b8:02:c9:6d:5f,-89,00:23:eb:3a:17:60,-75
1544599966127649780,21.39279338697897,-1.6955130372744132,58:bc:27:92:80:7f,-77,20:bb:c0:1d:18:6f,-86,1c:e6:c7:4a:d3:6f,-91,58:bc:27:92:80:70,-74,1c:e6:c7:4a:d3:60,-74,b0:aa:77:34:54:30,-73,20:bb:c0:1d:18:60,-75,1c:e6:c7:4b:b7:5f,-91,1c:e6:c7:4b:b7:50,-73,b0:aa:77:45:10:a0,-58,b0:aa:77:34:54:3f,-89,00:25:84:23:1d:b0,-71,5c:a4:8a:bf:bb:00,-48,5c:a4:8a:bf:bb:0f,-71,84:b8:02:c9:6f:40,-49,b0:aa:77:45:43:e0,-52,84:b8:02:c9:6f:4f,-71,00:23:eb:3a:10:50,-77,b0:aa:77:45:10:af,-82,00:25:84:23:1d:bf,-82,b0:aa:77:45:43:ef,-62,00:23:eb:3a:0f:00,-75,84:b8:02:c9:6d:50,-61,84:b8:02:c9:6d:5f,-89,00:23:eb:3a:17:60,-75
1544599969171707754,22.855772688596133,-1.7569684930851694,58:bc:27:92:80:7f,-82,20:bb:c0:1d:18:6f,-86,1c:e6:c7:4a:d3:6f,-91,58:bc:27:92:80:70,-74,1c:e6:c7:4a:d3:60,-74,b0:aa:77:34:54:30,-73,20:bb:c0:1d:18:60,-75,1c:e6:c7:4b:b7:5f,-91,1c:e6:c7:4b:b7:50,-73,b0:aa:77:45:10:a0,-68,b0:aa:77:34:54:3f,-89,00:25:84:23:1d:b0,-71,5c:a4:8a:bf:bb:00,-60,5c:a4:8a:bf:bb:0f,-61,84:b8:02:c9:6f:40,-53,b0:aa:77:45:43:e0,-55,84:b8:02:c9:6f:4f,-71,00:23:eb:3a:10:50,-77,b0:aa:77:45:10:af,-88,00:25:84:23:1d:bf,-82,b0:aa:77:45:43:ef,-76,00:23:eb:3a:0f:00,-75,84:b8:02:c9:6d:50,-65,84:b8:02:c9:6d:5f,-91,00:23:eb:3a:17:60,-75
1544599972198130310,24.31133149282571,-1.7451203873278687,58:bc:27:92:80:7f,-78,20:bb:c0:1d:18:6f,-86,1c:e6:c7:4a:d3:6f,-91,58:bc:27:92:80:70,-74,1c:e6:c7:4a:d3:60,-74,b0:aa:77:34:54:30,-76,20:bb:c0:1d:18:60,-75,1c:e6:c7:4b:b7:50,-73,b0:aa:77:45:10:a0,-75,b0:aa:77:34:54:3f,-89,00:25:84:23:1d:b0,-71,5c:a4:8a:bf:bb:00,-42,5c:a4:8a:bf:bb:0f,-61,84:b8:02:c9:6f:40,-65,b0:aa:77:45:43:e0,-63,84:b8:02:c9:6f:4f,-71,b0:aa:77:45:10:af,-88,b0:aa:77:45:43:ef,-78,84:b8:02:c9:6d:50,-48,84:b8:02:c9:6d:5f,-74,00:23:eb:3a:17:60,-75,84:b8:02:9e:72:70,-73
1544599975266976952,25.784311033956328,-1.676073082545566,58:bc:27:92:80:7f,-78,1c:e6:c7:4a:d3:6f,-91,58:bc:27:92:80:70,-75,1c:e6:c7:4a:d3:60,-74,b0:aa:77:34:54:30,-76,b0:aa:77:45:10:a0,-75,b0:aa:77:34:54:3f,-89,00:25:84:23:1d:b0,-71,5c:a4:8a:bf:bb:00,-40,5c:a4:8a:bf:bb:0f,-48,84:b8:02:c9:6f:40,-69,b0:aa:77:45:43:e0,-67,84:b8:02:c9:6f:4f,-71,b0:aa:77:45:10:af,-88,b0:aa:77:45:43:ef,-80,84:b8:02:c9:6d:50,-63,84:b8:02:c9:6d:5f,-74,00:23:eb:3a:17:60,-75,84:b8:02:9e:72:70,-73
1544599978292935252,26.58008393952868,-1.8069926366430273,58:bc:27:92:80:7f,-78,1c:e6:c7:4a:d3:6f,-91,58:bc:27:92:80:70,-73,1c:e6:c7:4a:d3:60,-74,b0:aa:77:34:54:30,-76,b0:aa:77:45:10:a0,-77,b0:aa:77:34:54:3f,-89,00:25:84:23:1d:b0,-71,5c:a4:8a:bf:bb:00,-36,5c:a4:8a:bf:bb:0f,-48,84:b8:02:c9:6f:40,-71,b0:aa:77:45:43:e0,-65,84:b8:02:c9:6f:4f,-71,b0:aa:77:45:10:af,-88,b0:aa:77:45:43:ef,-80,84:b8:02:c9:6d:50,-50,84:b8:02:c9:6d:5f,-71,00:23:eb:3a:17:60,-75,84:b8:02:9e:72:70,-73
1544599981358909899,27.166484814324953,-1.969226699750997,58:bc:27:92:80:7f,-79,1c:e6:c7:4a:d3:6f,-91,58:bc:27:92:80:70,-73,b0:aa:77:34:54:30,-76,b0:aa:77:45:10:a0,-77,b0:aa:77:34:54:3f,-89,00:25:84:23:1d:b0,-71,5c:a4:8a:bf:bb:00,-41,5c:a4:8a:bf:bb:0f,-49,84:b8:02:c9:6f:40,-79,b0:aa:77:45:43:e0,-68,84:b8:02:c9:6f:4f,-71,b0:aa:77:45:10:af,-88,b0:aa:77:45:43:ef,-77,84:b8:02:c9:6d:50,-50,84:b8:02:c9:6d:5f,-75,00:23:eb:3a:17:60,-75,84:b8:02:9e:72:70,-74
1544599984384883264,28.431564788048092,-2.189268208451721,58:bc:27:92:80:7f,-79,1c:e6:c7:4a:d3:6f,-91,58:bc:27:92:80:70,-73,b0:aa:77:34:54:30,-76,b0:aa:77:45:10:a0,-77,b0:aa:77:34:54:3f,-89,00:25:84:23:1d:b0,-71,5c:a4:8a:bf:bb:00,-41,5c:a4:8a:bf:bb:0f,-49,84:b8:02:c9:6f:40,-79,b0:aa:77:45:43:e0,-68,84:b8:02:c9:6f:4f,-71,b0:aa:77:45:10:af,-88,b0:aa:77:45:43:ef,-77,84:b8:02:c9:6d:50,-50,84:b8:02:c9:6d:5f,-75,00:23:eb:3a:17:60,-75,84:b8:02:9e:72:70,-74
1544599987391021891,28.51426349333823,-2.000444440592702,58:bc:27:92:80:7f,-79,1c:e6:c7:4a:d3:6f,-91,58:bc:27:92:80:70,-73,b0:aa:77:34:54:30,-76,b0:aa:77:45:10:a0,-77,b0:aa:77:34:54:3f,-89,00:25:84:23:1d:b0,-71,5c:a4:8a:bf:bb:00,-38,5c:a4:8a:bf:bb:0f,-46,84:b8:02:c9:6f:40,-79,b0:aa:77:45:43:e0,-69,84:b8:02:c9:6f:4f,-71,b0:aa:77:45:10:af,-88,b0:aa:77:45:43:ef,-77,84:b8:02:c9:6d:50,-53,84:b8:02:c9:6d:5f,-76,00:23:eb:3a:17:60,-75,84:b8:02:9e:72:70,-71,b0:aa:77:62:49:70,-71
1544599990437422302,28.579573704516076,-1.1879879368494162,58:bc:27:92:80:7f,-73,1c:e6:c7:4a:d3:6f,-91,58:bc:27:92:80:70,-64,b0:aa:77:34:54:30,-76,b0:aa:77:45:10:a0,-77,00:25:84:23:1d:b0,-71,5c:a4:8a:bf:bb:00,-39,5c:a4:8a:bf:bb:0f,-49,84:b8:02:c9:6f:40,-69,b0:aa:77:45:43:e0,-69,84:b8:02:c9:6f:4f,-71,b0:aa:77:45:10:af,-88,b0:aa:77:45:43:ef,-77,84:b8:02:c9:6d:50,-57,84:b8:02:c9:6d:5f,-68,00:23:eb:3a:17:60,-75,84:b8:02:9e:72:70,-71,b0:aa:77:62:49:70,-70,b0:aa:77:62:49:7f,-86
1544599993463502532,28.874604918662065,-0.3020344293795816,58:bc:27:92:80:7f,-73,1c:e6:c7:4a:d3:6f,-91,58:bc:27:92:80:70,-64,b0:aa:77:34:54:30,-76,b0:aa:77:45:10:a0,-77,00:25:84:23:1d:b0,-71,5c:a4:8a:bf:bb:00,-39,5c:a4:8a:bf:bb:0f,-47,84:b8:02:c9:6f:40,-69,b0:aa:77:45:43:e0,-66,84:b8:02:c9:6f:4f,-71,b0:aa:77:45:10:af,-88,b0:aa:77:45:43:ef,-77,84:b8:02:c9:6d:50,-56,84:b8:02:c9:6d:5f,-77,00:23:eb:3a:17:60,-75,84:b8:02:9e:72:70,-71,b0:aa:77:62:49:70,-65,b0:aa:77:62:49:7f,-93
1544599996547461793,28.858865321674944,0.4795687811078759,58:bc:27:92:80:7f,-73,58:bc:27:92:80:70,-64,b0:aa:77:34:54:30,-76,b0:aa:77:45:10:a0,-77,5c:a4:8a:bf:bb:00,-38,5c:a4:8a:bf:bb:0f,-46,84:b8:02:c9:6f:40,-76,b0:aa:77:45:43:e0,-65,b0:aa:77:45:10:af,-88,b0:aa:77:45:43:ef,-77,84:b8:02:c9:6d:50,-54,84:b8:02:c9:6d:5f,-79,84:b8:02:9e:72:70,-79,b0:aa:77:62:49:70,-67,b0:aa:77:62:49:7f,-89
1544599999555533103,29.109239964412943,1.4364230397421573,58:bc:27:92:80:7f,-73,58:bc:27:92:80:70,-64,b0:aa:77:34:54:30,-76,b0:aa:77:45:10:a0,-77,5c:a4:8a:bf:bb:00,-42,5c:a4:8a:bf:bb:0f,-59,84:b8:02:c9:6f:40,-76,b0:aa:77:45:43:e0,-65,b0:aa:77:45:43:ef,-77,84:b8:02:c9:6d:50,-52,84:b8:02:c9:6d:5f,-73,84:b8:02:9e:72:70,-79,b0:aa:77:62:49:70,-66,b0:aa:77:62:49:7f,-89,00:2a:10:11:5f:b0,-72,b0:aa:77:45:4a:d0,-77
1544600002579836046,29.53480990857795,2.4319855601107148,58:bc:27:92:80:7f,-73,58:bc:27:92:80:70,-64,b0:aa:77:34:54:30,-76,b0:aa:77:45:10:a0,-77,5c:a4:8a:bf:bb:00,-42,5c:a4:8a:bf:bb:0f,-59,84:b8:02:c9:6f:40,-76,b0:aa:77:45:43:e0,-65,b0:aa:77:45:43:ef,-77,84:b8:02:c9:6d:50,-52,84:b8:02:c9:6d:5f,-73,84:b8:02:9e:72:70,-79,b0:aa:77:62:49:70,-66,b0:aa:77:62:49:7f,-89,00:2a:10:11:5f:b0,-72,b0:aa:77:45:4a:d0,-77
1544600005588994729,29.53006278066922,3.379721333368017,58:bc:27:92:80:7f,-73,58:bc:27:92:80:70,-64,b0:aa:77:34:54:30,-76,b0:aa:77:45:10:a0,-77,5c:a4:8a:bf:bb:00,-47,5c:a4:8a:bf:bb:0f,-53,84:b8:02:c9:6f:40,-76,b0:aa:77:45:43:e0,-65,b0:aa:77:45:43:ef,-77,84:b8:02:c9:6d:50,-72,84:b8:02:c9:6d:5f,-76,84:b8:02:9e:72:70,-79,b0:aa:77:62:49:70,-68,b0:aa:77:62:49:7f,-84,00:2a:10:11:5f:b0,-74,b0:aa:77:45:4a:d0,-77
1544600008672999584,29.56554609742178,4.491336290056877,58:bc:27:92:80:7f,-73,58:bc:27:92:80:70,-64,b0:aa:77:45:10:a0,-77,5c:a4:8a:bf:bb:00,-49,5c:a4:8a:bf:bb:0f,-50,84:b8:02:c9:6f:40,-76,b0:aa:77:45:43:e0,-65,b0:aa:77:45:43:ef,-77,84:b8:02:c9:6d:50,-64,84:b8:02:c9:6d:5f,-77,84:b8:02:9e:72:70,-79,b0:aa:77:62:49:70,-64,b0:aa:77:62:49:7f,-87,00:2a:10:11:5f:b0,-74,b0:aa:77:45:4a:d0,-79
1544600011661174461,29.365103258725934,5.04715406958704,58:bc:27:92:80:7f,-73,58:bc:27:92:80:70,-64,5c:a4:8a:bf:bb:00,-47,5c:a4:8a:bf:bb:0f,-68,84:b8:02:c9:6f:40,-76,b0:aa:77:45:43:e0,-65,b0:aa:77:45:43:ef,-77,84:b8:02:c9:6d:50,-67,84:b8:02:c9:6d:5f,-78,84:b8:02:9e:72:70,-79,b0:aa:77:62:49:70,-74,b0:aa:77:62:49:7f,-83,00:2a:10:11:5f:b0,-74,b0:aa:77:45:4a:d0,-79
1544600014687357336,29.16473623861907,5.16305729443915,58:bc:27:92:80:7f,-73,58:bc:27:92:80:70,-64,5c:a4:8a:bf:bb:00,-40,5c:a4:8a:bf:bb:0f,-63,84:b8:02:c9:6f:40,-76,b0:aa:77:45:43:e0,-65,84:b8:02:c9:6d:50,-53,84:b8:02:c9:6d:5f,-76,84:b8:02:9e:72:70,-79,b0:aa:77:62:49:70,-72,b0:aa:77:62:49:7f,-83,00:2a:10:11:5f:b0,-74,b0:aa:77:45:4a:d0,-79
1544600017754475576,29.164854714926875,5.162934565771679,58:bc:27:92:80:7f,-73,58:bc:27:92:80:70,-64,5c:a4:8a:bf:bb:00,-49,5c:a4:8a:bf:bb:0f,-69,84:b8:02:c9:6f:40,-76,b0:aa:77:45:43:e0,-65,84:b8:02:c9:6d:50,-62,84:b8:02:c9:6d:5f,-83,84:b8:02:9e:72:70,-79,b0:aa:77:62:49:70,-75,b0:aa:77:62:49:7f,-85,00:2a:10:11:5f:b0,-74,b0:aa:77:45:4a:d0,-81
1544600020780631704,29.166466289044934,5.161230384731602,58:bc:27:92:80:7f,-73,58:bc:27:92:80:70,-64,5c:a4:8a:bf:bb:00,-49,5c:a4:8a:bf:bb:0f,-69,84:b8:02:c9:6f:40,-76,b0:aa:77:45:43:e0,-65,84:b8:02:c9:6d:50,-62,84:b8:02:c9:6d:5f,-83,84:b8:02:9e:72:70,-79,b0:aa:77:62:49:70,-75,b0:aa:77:62:49:7f,-85,00:2a:10:11:5f:b0,-74,b0:aa:77:45:4a:d0,-81
1544600023766576460,29.166639731901334,5.1610422618759895,58:bc:27:92:80:7f,-73,58:bc:27:92:80:70,-64,5c:a4:8a:bf:bb:00,-48,5c:a4:8a:bf:bb:0f,-71,84:b8:02:c9:6f:40,-76,b0:aa:77:45:43:e0,-65,84:b8:02:c9:6d:50,-66,84:b8:02:c9:6d:5f,-85,84:b8:02:9e:72:70,-79,b0:aa:77:62:49:70,-63,b0:aa:77:62:49:7f,-84,00:2a:10:11:5f:b0,-76,b0:aa:77:45:4a:d0,-81,b0:aa:77:45:4a:df,-88,00:2a:10:11:5f:bf,-93
1544600026812751087,29.16635321450738,5.161358135729404,5c:a4:8a:bf:bb:00,-56,5c:a4:8a:bf:bb:0f,-69,84:b8:02:c9:6f:40,-76,b0:aa:77:45:43:e0,-65,84:b8:02:c9:6d:50,-65,84:b8:02:c9:6d:5f,-85,84:b8:02:9e:72:70,-79,b0:aa:77:62:49:70,-72,b0:aa:77:62:49:7f,-91,00:2a:10:11:5f:b0,-76,b0:aa:77:45:4a:d0,-81,b0:aa:77:45:4a:df,-88,00:2a:10:11:5f:bf,-93
1544600029858811020,29.163312061475292,5.445521199288111,5c:a4:8a:bf:bb:00,-47,5c:a4:8a:bf:bb:0f,-76,84:b8:02:c9:6d:50,-67,84:b8:02:c9:6d:5f,-80,b0:aa:77:62:49:70,-70,b0:aa:77:62:49:7f,-91,00:2a:10:11:5f:b0,-76,b0:aa:77:45:4a:d0,-80,b0:aa:77:45:4a:df,-88,00:2a:10:11:5f:bf,-93
1544600032882943431,29.54412787697966,6.227140341423358,5c:a4:8a:bf:bb:00,-52,5c:a4:8a:bf:bb:0f,-66,84:b8:02:c9:6d:50,-67,84:b8:02:c9:6d:5f,-89,b0:aa:77:62:49:70,-74,b0:aa:77:62:49:7f,-88,00:2a:10:11:5f:b0,-76,b0:aa:77:45:4a:d0,-80,b0:aa:77:45:4a:df,-88,00:2a:10:11:5f:bf,-93
1544600035892064718,29.665339401557087,7.331086697922015,5c:a4:8a:bf:bb:00,-50,5c:a4:8a:bf:bb:0f,-72,84:b8:02:c9:6d:50,-61,84:b8:02:c9:6d:5f,-86,b0:aa:77:62:49:70,-62,b0:aa:77:62:49:7f,-89,00:2a:10:11:5f:b0,-76,b0:aa:77:45:4a:d0,-75,b0:aa:77:45:4a:df,-88,00:2a:10:11:5f:bf,-93,00:23:eb:3a:0f:b0,-76
1544600038917436013,29.88983268620772,8.26243760366467,5c:a4:8a:bf:bb:00,-50,5c:a4:8a:bf:bb:0f,-72,84:b8:02:c9:6d:50,-61,84:b8:02:c9:6d:5f,-86,b0:aa:77:62:49:70,-62,b0:aa:77:62:49:7f,-89,00:2a:10:11:5f:b0,-76,b0:aa:77:45:4a:d0,-75,b0:aa:77:45:4a:df,-88,00:2a:10:11:5f:bf,-93,00:23:eb:3a:0f:b0,-76
1544600041943791234,29.843458692887076,9.102861864059408,5c:a4:8a:bf:bb:00,-54,5c:a4:8a:bf:bb:0f,-67,84:b8:02:c9:6d:50,-66,84:b8:02:c9:6d:5f,-84,b0:aa:77:62:49:70,-71,b0:aa:77:62:49:7f,-85,00:2a:10:11:5f:b0,-76,b0:aa:77:45:4a:d0,-75,b0:aa:77:45:4a:df,-80,00:2a:10:11:5f:bf,-93,00:23:eb:3a:0f:b0,-76
1544600044971542839,29.6424057751948,10.346455158987828,5c:a4:8a:bf:bb:00,-53,5c:a4:8a:bf:bb:0f,-68,84:b8:02:c9:6d:50,-72,84:b8:02:c9:6d:5f,-89,b0:aa:77:62:49:70,-58,b0:aa:77:62:49:7f,-75,00:2a:10:11:5f:b0,-76,b0:aa:77:45:4a:d0,-67,b0:aa:77:45:4a:df,-77,00:2a:10:11:5f:bf,-93,00:23:eb:3a:0f:b0,-76
1544600047975128663,29.242205792078117,11.681208138823635,5c:a4:8a:bf:bb:00,-63,5c:a4:8a:bf:bb:0f,-70,84:b8:02:c9:6d:50,-66,84:b8:02:c9:6d:5f,-86,b0:aa:77:62:49:70,-62,b0:aa:77:62:49:7f,-84,00:2a:10:11:5f:b0,-76,b0:aa:77:45:4a:d0,-65,b0:aa:77:45:4a:df,-76,00:2a:10:11:5f:bf,-93,00:23:eb:3a:0f:b0,-76,84:b8:02:c9:67:00,-75
1544600050981884252,28.708764520589483,11.84536530264577,5c:a4:8a:bf:bb:00,-62,5c:a4:8a:bf:bb:0f,-81,84:b8:02:c9:6d:50,-66,84:b8:02:c9:6d:5f,-86,b0:aa:77:62:49:70,-55,b0:aa:77:62:49:7f,-78,00:2a:10:11:5f:b0,-76,b0:aa:77:45:4a:d0,-58,b0:aa:77:45:4a:df,-73,00:2a:10:11:5f:bf,-93,00:23:eb:3a:0f:b0,-76,84:b8:02:c9:67:00,-75,b0:aa:77:45:28:50,-76
1544600054027543216,27.446561081221304,11.639337336563111,5c:a4:8a:bf:bb:00,-62,5c:a4:8a:bf:bb:0f,-89,84:b8:02:c9:6d:50,-66,84:b8:02:c9:6d:5f,-86,b0:aa:77:62:49:70,-64,b0:aa:77:62:49:7f,-82,b0:aa:77:45:4a:d0,-56,b0:aa:77:45:4a:df,-73,00:2a:10:11:5f:bf,-93,00:23:eb:3a:0f:b0,-76,84:b8:02:c9:67:00,-74,b0:aa:77:45:28:50,-76,b0:aa:77:45:28:5f,-89,84:b8:02:c9:67:0f,-91
1544600057053637020,26.312610284889136,11.640766621515446,5c:a4:8a:bf:bb:00,-62,5c:a4:8a:bf:bb:0f,-89,84:b8:02:c9:6d:50,-66,84:b8:02:c9:6d:5f,-86,b0:aa:77:62:49:70,-64,b0:aa:77:62:49:7f,-82,b0:aa:77:45:4a:d0,-56,b0:aa:77:45:4a:df,-73,00:2a:10:11:5f:bf,-93,00:23:eb:3a:0f:b0,-76,84:b8:02:c9:67:00,-74,b0:aa:77:45:28:50,-76,b0:aa:77:45:28:5f,-89,84:b8:02:c9:67:0f,-91
1544600060019609985,25.479130934824084,12.368889572700077,5c:a4:8a:bf:bb:00,-72,5c:a4:8a:bf:bb:0f,-89,84:b8:02:c9:6d:50,-66,84:b8:02:c9:6d:5f,-86,b0:aa:77:62:49:70,-54,b0:aa:77:62:49:7f,-85,b0:aa:77:45:4a:d0,-54,b0:aa:77:45:4a:df,-73,00:23:eb:3a:0f:b0,-76,84:b8:02:c9:67:00,-72,b0:aa:77:45:28:50,-76,b0:aa:77:45:28:5f,-83,84:b8:02:c9:67:0f,-91
1544600063086826709,24.331699014705528,12.442616233555599,5c:a4:8a:bf:bb:00,-76,5c:a4:8a:bf:bb:0f,-89,84:b8:02:c9:6d:50,-66,84:b8:02:c9:6d:5f,-86,b0:aa:77:62:49:70,-66,b0:aa:77:62:49:7f,-76,b0:aa:77:45:4a:d0,-53,b0:aa:77:45:4a:df,-70,00:23:eb:3a:0f:b0,-76,84:b8:02:c9:67:00,-72,b0:aa:77:45:28:50,-76,b0:aa:77:45:28:5f,-77,84:b8:02:c9:67:0f,-89,1c:e6:c7:4b:c5:8f,-86
1544600066111875390,23.053328518643124,12.55639826959824,5c:a4:8a:bf:bb:00,-76,5c:a4:8a:bf:bb:0f,-89,84:b8:02:c9:6d:50,-66,84:b8:02:c9:6d:5f,-86,b0:aa:77:62:49:70,-65,b0:aa:77:62:49:7f,-91,b0:aa:77:45:4a:d0,-54,b0:aa:77:45:4a:df,-66,00:23:eb:3a:0f:b0,-76,84:b8:02:c9:67:00,-63,b0:aa:77:45:28:50,-65,b0:aa:77:45:28:5f,-82,84:b8:02:c9:67:0f,-89,1c:e6:c7:4b:c5:8f,-86,84:b8:02:9e:73:c0,-74
1544600069139063824,21.71865989610178,12.472102620860296,5c:a4:8a:bf:bb:00,-76,5c:a4:8a:bf:bb:0f,-89,84:b8:02:c9:6d:50,-66,84:b8:02:c9:6d:5f,-86,b0:aa:77:62:49:70,-67,b0:aa:77:62:49:7f,-82,b0:aa:77:45:4a:d0,-48,b0:aa:77:45:4a:df,-65,84:b8:02:c9:67:00,-65,b0:aa:77:45:28:50,-70,b0:aa:77:45:28:5f,-74,84:b8:02:c9:67:0f,-83,1c:e6:c7:4b:c5:8f,-87,84:b8:02:9e:73:c0,-74
1544600072182335837,20.35688214725864,12.47581893878778,5c:a4:8a:bf:bb:00,-76,5c:a4:8a:bf:bb:0f,-89,84:b8:02:c9:6d:50,-66,84:b8:02:c9:6d:5f,-86,b0:aa:77:62:49:70,-67,b0:aa:77:62:49:7f,-78,b0:aa:77:45:4a:d0,-51,b0:aa:77:45:4a:df,-55,84:b8:02:c9:67:00,-56,b0:aa:77:45:28:50,-59,b0:aa:77:45:28:5f,-76,84:b8:02:c9:67:0f,-78,1c:e6:c7:4b:c5:8f,-87,84:b8:02:9e:73:c0,-70,00:23:eb:3a:13:f0,-76
1544600075210381273,19.32590495625964,12.56365204987967,5c:a4:8a:bf:bb:00,-76,5c:a4:8a:bf:bb:0f,-89,84:b8:02:c9:6d:50,-66,84:b8:02:c9:6d:5f,-86,b0:aa:77:62:49:70,-67,b0:aa:77:62:49:7f,-78,b0:aa:77:45:4a:d0,-51,b0:aa:77:45:4a:df,-55,84:b8:02:c9:67:00,-56,b0:aa:77:45:28:50,-59,b0:aa:77:45:28:5f,-76,84:b8:02:c9:67:0f,-78,1c:e6:c7:4b:c5:8f,-87,84:b8:02:9e:73:c0,-70,00:23:eb:3a:13:f0,-76
1544600078276498985,17.967501508683675,12.668913165269483,5c:a4:8a:bf:bb:00,-76,5c:a4:8a:bf:bb:0f,-89,84:b8:02:c9:6d:50,-66,84:b8:02:c9:6d:5f,-86,b0:aa:77:62:49:70,-66,b0:aa:77:62:49:7f,-84,b0:aa:77:45:4a:d0,-45,b0:aa:77:45:4a:df,-58,84:b8:02:c9:67:00,-54,b0:aa:77:45:28:50,-64,b0:aa:77:45:28:5f,-77,84:b8:02:c9:67:0f,-75,1c:e6:c7:4b:c5:8f,-87,84:b8:02:9e:73:c0,-70,00:23:eb:3a:13:f0,-76,84:b8:02:9e:79:f0,-75,84:b8:02:9e:73:cf,-90
1544600081322503129,16.554249051465124,12.756851484952325,5c:a4:8a:bf:bb:00,-76,5c:a4:8a:bf:bb:0f,-89,84:b8:02:c9:6d:50,-66,84:b8:02:c9:6d:5f,-86,b0:aa:77:62:49:70,-67,b0:aa:77:62:49:7f,-76,b0:aa:77:45:4a:d0,-48,b0:aa:77:45:4a:df,-67,84:b8:02:c9:67:00,-53,b0:aa:77:45:28:50,-62,b0:aa:77:45:28:5f,-70,84:b8:02:c9:67:0f,-81,1c:e6:c7:4b:c5:8f,-87,84:b8:02:9e:73:c0,-75,00:23:eb:3a:13:f0,-73,84:b8:02:9e:79:f0,-71,84:b8:02:9e:73:cf,-90,1c:e6:c7:4b:c5:80,-69
1544600084287730169,15.21456333244009,12.808329668915318,5c:a4:8a:bf:bb:00,-76,5c:a4:8a:bf:bb:0f,-89,b0:aa:77:62:49:70,-67,b0:aa:77:62:49:7f,-76,b0:aa:77:45:4a:d0,-55,b0:aa:77:45:4a:df,-71,84:b8:02:c9:67:00,-53,b0:aa:77:45:28:50,-62,b0:aa:77:45:28:5f,-68,84:b8:02:c9:67:0f,-81,1c:e6:c7:4b:c5:8f,-87,84:b8:02:9e:73:c0,-75,00:23:eb:3a:13:f0,-73,84:b8:02:9e:79:f0,-71,84:b8:02:9e:73:cf,-91,1c:e6:c7:4b:c5:80,-69
1544600087334787806,14.224368890898194,13.411890432566995,5c:a4:8a:bf:bb:00,-76,b0:aa:77:62:49:70,-67,b0:aa:77:62:49:7f,-89,b0:aa:77:45:4a:d0,-61,b0:aa:77:45:4a:df,-78,84:b8:02:c9:67:00,-54,b0:aa:77:45:28:50,-63,b0:aa:77:45:28:5f,-63,84:b8:02:c9:67:0f,-80,1c:e6:c7:4b:c5:8f,-87,84:b8:02:9e:73:c0,-70,00:23:eb:3a:13:f0,-73,84:b8:02:9e:79:f0,-71,84:b8:02:9e:73:cf,-90,1c:e6:c7:4b:c5:80,-73
1544600090377885929,13.151573529571765,13.56164959339649,5c:a4:8a:bf:bb:00,-76,b0:aa:77:62:49:70,-64,b0:aa:77:62:49:7f,-89,b0:aa:77:45:4a:d0,-59,b0:aa:77:45:4a:df,-76,84:b8:02:c9:67:00,-52,b0:aa:77:45:28:50,-60,b0:aa:77:45:28:5f,-64,84:b8:02:c9:67:0f,-78,1c:e6:c7:4b:c5:8f,-91,84:b8:02:9e:73:c0,-70,00:23:eb:3a:13:f0,-77,84:b8:02:9e:79:f0,-71,84:b8:02:9e:73:cf,-90,1c:e6:c7:4b:c5:80,-73
1544600093427001793,11.893944395874032,13.656005732285621,5c:a4:8a:bf:bb:00,-76,b0:aa:77:62:49:70,-64,b0:aa:77:62:49:7f,-89,b0:aa:77:45:4a:d0,-59,b0:aa:77:45:4a:df,-76,84:b8:02:c9:67:00,-52,b0:aa:77:45:28:50,-60,b0:aa:77:45:28:5f,-64,84:b8:02:c9:67:0f,-78,1c:e6:c7:4b:c5:8f,-91,84:b8:02:9e:73:c0,-70,00:23:eb:3a:13:f0,-77,84:b8:02:9e:79:f0,-71,84:b8:02:9e:73:cf,-90,1c:e6:c7:4b:c5:80,-73
1544600096473152290,10.4696001719273,13.649247731138713,5c:a4:8a:bf:bb:00,-76,b0:aa:77:62:49:70,-74,b0:aa:77:62:49:7f,-89,b0:aa:77:45:4a:d0,-64,b0:aa:77:45:4a:df,-76,84:b8:02:c9:67:00,-60,b0:aa:77:45:28:50,-59,b0:aa:77:45:28:5f,-56,84:b8:02:c9:67:0f,-83,1c:e6:c7:4b:c5:8f,-91,84:b8:02:9e:73:c0,-73,00:23:eb:3a:13:f0,-75,84:b8:02:9e:79:f0,-73,84:b8:02:9e:73:cf,-82,1c:e6:c7:4b:c5:80,-67,20:bb:c0:1d:18:60,-71
1544600099497418114,9.266448930578791,13.634697953361059,b0:aa:77:62:49:70,-74,b0:aa:77:62:49:7f,-89,b0:aa:77:45:4a:d0,-64,b0:aa:77:45:4a:df,-76,84:b8:02:c9:67:00,-62,b0:aa:77:45:28:50,-49,b0:aa:77:45:28:5f,-60,84:b8:02:c9:67:0f,-77,1c:e6:c7:4b:c5:8f,-85,84:b8:02:9e:73:c0,-66,00:23:eb:3a:13:f0,-75,84:b8:02:9e:79:f0,-72,84:b8:02:9e:73:cf,-82,1c:e6:c7:4b:c5:80,-67,20:bb:c0:1d:18:60,-71
1544600102523452232,8.335638325562726,14.070943734094891,b0:aa:77:62:49:70,-74,b0:aa:77:62:49:7f,-89,b0:aa:77:45:4a:d0,-64,b0:aa:77:45:4a:df,-76,84:b8:02:c9:67:00,-62,b0:aa:77:45:28:50,-54,b0:aa:77:45:28:5f,-66,84:b8:02:c9:67:0f,-76,1c:e6:c7:4b:c5:8f,-85,84:b8:02:9e:73:c0,-64,00:23:eb:3a:13:f0,-75,84:b8:02:9e:79:f0,-63,84:b8:02:9e:73:cf,-82,1c:e6:c7:4b:c5:80,-58,20:bb:c0:1d:18:60,-71,84:b8:02:9e:79:ff,-77
1544600105589689601,7.416521918139147,14.252562151895107,b0:aa:77:62:49:70,-74,b0:aa:77:62:49:7f,-89,b0:aa:77:45:4a:d0,-64,b0:aa:77:45:4a:df,-84,84:b8:02:c9:67:00,-55,b0:aa:77:45:28:50,-62,b0:aa:77:45:28:5f,-72,84:b8:02:c9:67:0f,-78,1c:e6:c7:4b:c5:8f,-74,84:b8:02:9e:73:c0,-64,00:23:eb:3a:13:f0,-75,84:b8:02:9e:79:f0,-63,84:b8:02:9e:73:cf,-78,1c:e6:c7:4b:c5:80,-67,20:bb:c0:1d:18:60,-71,84:b8:02:9e:79:ff,-77,f4:0f:1b:93:94:af,-93,20:bb:c0:1d:18:6f,-90,58:bc:27:92:80:7f,-91
1544600108597735928,6.065646048599589,14.259543421600501,b0:aa:77:62:49:70,-74,b0:aa:77:62:49:7f,-89,b0:aa:77:45:4a:d0,-74,b0:aa:77:45:4a:df,-84,84:b8:02:c9:67:00,-65,b0:aa:77:45:28:50,-67,b0:aa:77:45:28:5f,-72,84:b8:02:c9:67:0f,-88,1c:e6:c7:4b:c5:8f,-85,84:b8:02:9e:73:c0,-66,00:23:eb:3a:13:f0,-75,84:b8:02:9e:79:f0,-71,84:b8:02:9e:73:cf,-76,1c:e6:c7:4b:c5:80,-54,20:bb:c0:1d:18:60,-71,84:b8:02:9e:79:ff,-77,f4:0f:1b:93:94:af,-93,20:bb:c0:1d:18:6f,-81,58:bc:27:92:80:7f,-91,58:bc:27:92:80:70,-70
1544600111643792066,4.9643524985223,14.257245962806696,b0:aa:77:62:49:70,-74,b0:aa:77:62:49:7f,-89,b0:aa:77:45:4a:d0,-74,b0:aa:77:45:4a:df,-84,84:b8:02:c9:67:00,-65,b0:aa:77:45:28:50,-67,b0:aa:77:45:28:5f,-72,84:b8:02:c9:67:0f,-88,1c:e6:c7:4b:c5:8f,-85,84:b8:02:9e:73:c0,-66,00:23:eb:3a:13:f0,-75,84:b8:02:9e:79:f0,-71,84:b8:02:9e:73:cf,-76,1c:e6:c7:4b:c5:80,-60,20:bb:c0:1d:18:60,-71,84:b8:02:9e:79:ff,-77,f4:0f:1b:93:94:af,-93,20:bb:c0:1d:18:6f,-81,58:bc:27:92:80:7f,-91,58:bc:27:92:80:70,-70
1544600114689870254,4.055149859849822,14.6970573613239,b0:aa:77:62:49:70,-74,b0:aa:77:62:49:7f,-89,b0:aa:77:45:4a:d0,-74,b0:aa:77:45:4a:df,-84,84:b8:02:c9:67:00,-65,b0:aa:77:45:28:50,-67,b0:aa:77:45:28:5f,-72,84:b8:02:c9:67:0f,-88,1c:e6:c7:4b:c5:8f,-77,84:b8:02:9e:73:c0,-65,00:23:eb:3a:13:f0,-75,84:b8:02:9e:79:f0,-71,84:b8:02:9e:73:cf,-72,1c:e6:c7:4b:c5:80,-60,20:bb:c0:1d:18:60,-73,84:b8:02:9e:79:ff,-77,f4:0f:1b:93:94:af,-93,20:bb:c0:1d:18:6f,-82,58:bc:27:92:80:7f,-91,58:bc:27:92:80:70,-71
1544600117793983492,2.7954103943938193,14.72747831212848,b0:aa:77:62:49:70,-74,b0:aa:77:62:49:7f,-89,b0:aa:77:45:4a:d0,-74,b0:aa:77:45:4a:df,-84,84:b8:02:c9:67:00,-65,b0:aa:77:45:28:50,-67,b0:aa:77:45:28:5f,-72,84:b8:02:c9:67:0f,-88,1c:e6:c7:4b:c5:8f,-74,84:b8:02:9e:73:c0,-63,00:23:eb:3a:13:f0,-75,84:b8:02:9e:79:f0,-73,84:b8:02:9e:73:cf,-72,1c:e6:c7:4b:c5:80,-62,20:bb:c0:1d:18:60,-62,84:b8:02:9e:79:ff,-87,f4:0f:1b:93:94:af,-93,20:bb:c0:1d:18:6f,-74,58:bc:27:92:80:7f,-83,58:bc:27:92:80:70,-71,00:25:84:22:f6:30,-70,1c:e6:c7:4b:b7:50,-73,00:25:84:22:fa:8f,-93
1544600120842684346,1.7499821463073084,15.118470423243895,b0:aa:77:62:49:70,-74,b0:aa:77:45:4a:d0,-74,b0:aa:77:45:4a:df,-84,84:b8:02:c9:67:00,-65,b0:aa:77:45:28:50,-67,b0:aa:77:45:28:5f,-72,84:b8:02:c9:67:0f,-88,1c:e6:c7:4b:c5:8f,-75,84:b8:02:9e:73:c0,-55,00:23:eb:3a:13:f0,-75,84:b8:02:9e:79:f0,-73,84:b8:02:9e:73:cf,-72,1c:e6:c7:4b:c5:80,-51,20:bb:c0:1d:18:60,-61,84:b8:02:9e:79:ff,-87,f4:0f:1b:93:94:af,-93,20:bb:c0:1d:18:6f,-77,58:bc:27:92:80:7f,-78,58:bc:27:92:80:70,-70,00:25:84:22:f6:30,-64,1c:e6:c7:4b:b7:50,-73,00:25:84:22:fa:8f,-93,1c:e6:c7:4a:d3:60,-64,00:25:84:22:f6:3f,-90,1c:e6:c7:4a:d3:6f,-92
1544600123866792829,0.7183646162379079,14.965161022364612,b0:aa:77:62:49:70,-74,b0:aa:77:45:4a:d0,-74,b0:aa:77:45:4a:df,-84,84:b8:02:c9:67:00,-74,b0:aa:77:45:28:50,-67,b0:aa:77:45:28:5f,-72,84:b8:02:c9:67:0f,-88,1c:e6:c7:4b:c5:8f,-68,84:b8:02:9e:73:c0,-54,00:23:eb:3a:13:f0,-75,84:b8:02:9e:79:f0,-73,84:b8:02:9e:73:cf,-68,1c:e6:c7:4b:c5:80,-52,20:bb:c0:1d:18:60,-52,84:b8:02:9e:79:ff,-87,f4:0f:1b:93:94:af,-93,20:bb:c0:1d:18:6f,-75,58:bc:27:92:80:7f,-74,58:bc:27:92:80:70,-56,00:25:84:22:f6:30,-61,1c:e6:c7:4b:b7:50,-64,00:25:84:22:fa:8f,-93,1c:e6:c7:4a:d3:60,-63,00:25:84:22:f6:3f,-87,1c:e6:c7:4a:d3:6f,-75,00:25:84:22:ff:90,-71,00:25:84:23:1d:90,-73,00:23:eb:0b:52:00,-75,20:bb:c0:83:e3:90,-77
1544600126935443381,-0.6305463799422766,14.968416505353973,b0:aa:77:45:4a:d0,-74,b0:aa:77:45:4a:df,-84,84:b8:02:c9:67:00,-74,b0:aa:77:45:28:50,-76,b0:aa:77:45:28:5f,-72,84:b8:02:c9:67:0f,-88,1c:e6:c7:4b:c5:8f,-65,84:b8:02:9e:73:c0,-67,84:b8:02:9e:79:f0,-73,84:b8:02:9e:73:cf,-70,1c:e6:c7:4b:c5:80,-42,20:bb:c0:1d:18:60,-52,84:b8:02:9e:79:ff,-87,f4:0f:1b:93:94:af,-93,20:bb:c0:1d:18:6f,-69,58:bc:27:92:80:7f,-82,58:bc:27:92:80:70,-64,00:25:84:22:f6:30,-61,1c:e6:c7:4b:b7:50,-75,00:25:84:22:fa:8f,-93,1c:e6:c7:4a:d3:60,-63,00:25:84:22:f6:3f,-87,1c:e6:c7:4a:d3:6f,-75,00:25:84:22:ff:90,-71,00:25:84:23:1d:90,-73,00:23:eb:0b:52:00,-75,20:bb:c0:83:e3:90,-77
1544600129961475612,-0.8362970038927999,14.789379020132518,b0:aa:77:45:4a:d0,-74,b0:aa:77:45:4a:df,-84,84:b8:02:c9:67:00,-74,b0:aa:77:45:28:50,-76,b0:aa:77:45:28:5f,-72,84:b8:02:c9:67:0f,-88,1c:e6:c7:4b:c5:8f,-65,84:b8:02:9e:73:c0,-67,84:b8:02:9e:79:f0,-73,84:b8:02:9e:73:cf,-70,1c:e6:c7:4b:c5:80,-42,20:bb:c0:1d:18:60,-52,84:b8:02:9e:79:ff,-87,f4:0f:1b:93:94:af,-93,20:bb:c0:1d:18:6f,-69,58:bc:27:92:80:7f,-82,58:bc:27:92:80:70,-64,00:25:84:22:f6:30,-61,1c:e6:c7:4b:b7:50,-75,00:25:84:22:fa:8f,-93,1c:e6:c7:4a:d3:60,-63,00:25:84:22:f6:3f,-87,1c:e6:c7:4a:d3:6f,-75,00:25:84:22:ff:90,-71,00:25:84:23:1d:90,-73,00:23:eb:0b:52:00,-75,20:bb:c0:83:e3:90,-77
1544600133028545520,-1.046518092173534,14.033941025638535,b0:aa:77:45:4a:d0,-74,b0:aa:77:45:4a:df,-84,84:b8:02:c9:67:00,-74,b0:aa:77:45:28:50,-76,b0:aa:77:45:28:5f,-72,84:b8:02:c9:67:0f,-88,1c:e6:c7:4b:c5:8f,-60,84:b8:02:9e:73:c0,-56,84:b8:02:9e:79:f0,-79,84:b8:02:9e:73:cf,-70,1c:e6:c7:4b:c5:80,-46,20:bb:c0:1d:18:60,-50,84:b8:02:9e:79:ff,-87,f4:0f:1b:93:94:af,-93,20:bb:c0:1d:18:6f,-72,58:bc:27:92:80:7f,-63,58:bc:27:92:80:70,-49,00:25:84:22:f6:30,-61,1c:e6:c7:4b:b7:50,-63,00:25:84:22:fa:8f,-93,1c:e6:c7:4a:d3:60,-50,00:25:84:22:f6:3f,-81,1c:e6:c7:4a:d3:6f,-75,00:25:84:22:ff:90,-71,00:25:84:23:1d:90,-63,00:23:eb:0b:52:00,-75,20:bb:c0:83:e3:90,-71,b0:aa:77:62:41:20,-75,00:25:84:22:fa:80,-75
1544600136074784731,-1.1324767486706064,13.033434812653992,b0:aa:77:45:4a:d0,-74,b0:aa:77:45:4a:df,-84,84:b8:02:c9:67:00,-74,b0:aa:77:45:28:50,-76,b0:aa:77:45:28:5f,-72,84:b8:02:c9:67:0f,-88,1c:e6:c7:4b:c5:8f,-65,84:b8:02:9e:73:c0,-59,84:b8:02:9e:79:f0,-79,84:b8:02:9e:73:cf,-74,1c:e6:c7:4b:c5:80,-49,20:bb:c0:1d:18:60,-52,84:b8:02:9e:79:ff,-87,f4:0f:1b:93:94:af,-93,20:bb:c0:1d:18:6f,-62,58:bc:27:92:80:7f,-69,58:bc:27:92:80:70,-53,00:25:84:22:f6:30,-61,1c:e6:c7:4b:b7:50,-67,00:25:84:22:fa:8f,-93,1c:e6:c7:4a:d3:60,-56,00:25:84:22:f6:3f,-87,1c:e6:c7:4a:d3:6f,-74,00:25:84:22:ff:90,-74,00:25:84:23:1d:90,-63,00:23:eb:0b:52:00,-75,20:bb:c0:83:e3:90,-71,b0:aa:77:62:41:20,-75,00:25:84:22:fa:80,-75,1c:e6:c7:4b:b7:5f,-77,00:25:84:22:ff:9f,-87
1544600139140878834,-1.2774057627705733,11.672742309534081,b0:aa:77:45:4a:d0,-74,84:b8:02:c9:67:00,-74,b0:aa:77:45:28:50,-76,84:b8:02:c9:67:0f,-88,1c:e6:c7:4b:c5:8f,-75,84:b8:02:9e:73:c0,-67,84:b8:02:9e:79:f0,-79,84:b8:02:9e:73:cf,-74,1c:e6:c7:4b:c5:80,-51,20:bb:c0:1d:18:60,-46,84:b8:02:9e:79:ff,-87,20:bb:c0:1d:18:6f,-62,58:bc:27:92:80:7f,-70,58:bc:27:92:80:70,-50,00:25:84:22:f6:30,-61,1c:e6:c7:4b:b7:50,-55,00:25:84:22:fa:8f,-93,1c:e6:c7:4a:d3:60,-62,00:25:84:22:f6:3f,-84,1c:e6:c7:4a:d3:6f,-72,00:25:84:22:ff:90,-74,00:25:84:23:1d:90,-65,00:23:eb:0b:52:00,-75,20:bb:c0:83:e3:90,-67,b0:aa:77:62:41:20,-75,00:25:84:22:fa:80,-72,1c:e6:c7:4b:b7:5f,-75,00:25:84:22:ff:9f,-87,00:23:eb:3a:10:90,-69
1544600142187164521,-1.4534449184052327,10.266293068376546,84:b8:02:c9:67:00,-74,b0:aa:77:45:28:50,-76,1c:e6:c7:4b:c5:8f,-71,84:b8:02:9e:73:c0,-68,84:b8:02:9e:79:f0,-79,84:b8:02:9e:73:cf,-74,1c:e6:c7:4b:c5:80,-52,20:bb:c0:1d:18:60,-48,84:b8:02:9e:79:ff,-87,20:bb:c0:1d:18:6f,-64,58:bc:27:92:80:7f,-67,58:bc:27:92:80:70,-51,00:25:84:22:f6:30,-61,1c:e6:c7:4b:b7:50,-55,00:25:84:22:fa:8f,-93,1c:e6:c7:4a:d3:60,-56,00:25:84:22:f6:3f,-84,1c:e6:c7:4a:d3:6f,-75,00:25:84:22:ff:90,-74,00:25:84:23:1d:90,-67,00:23:eb:0b:52:00,-75,20:bb:c0:83:e3:90,-65,b0:aa:77:62:41:20,-75,00:25:84:22:fa:80,-72,1c:e6:c7:4b:b7:5f,-81,00:25:84:22:ff:9f,-87,00:23:eb:3a:10:90,-69,b0:aa:77:34:54:3f,-89
1544600145213170678,-1.6223273110206256,8.830239028476658,84:b8:02:c9:67:00,-74,b0:aa:77:45:28:50,-76,1c:e6:c7:4b:c5:8f,-71,84:b8:02:9e:73:c0,-68,84:b8:02:9e:79:f0,-79,84:b8:02:9e:73:cf,-86,1c:e6:c7:4b:c5:80,-49,20:bb:c0:1d:18:60,-50,84:b8:02:9e:79:ff,-87,20:bb:c0:1d:18:6f,-63,58:bc:27:92:80:7f,-67,58:bc:27:92:80:70,-41,00:25:84:22:f6:30,-72,1c:e6:c7:4b:b7:50,-55,00:25:84:22:fa:8f,-93,1c:e6:c7:4a:d3:60,-52,00:25:84:22:f6:3f,-91,1c:e6:c7:4a:d3:6f,-71,00:25:84:22:ff:90,-74,00:25:84:23:1d:90,-72,00:23:eb:0b:52:00,-75,20:bb:c0:83:e3:90,-62,b0:aa:77:62:41:20,-73,00:25:84:22:fa:80,-72,1c:e6:c7:4b:b7:5f,-78,00:25:84:22:ff:9f,-87,00:23:eb:3a:10:90,-77,b0:aa:77:34:54:3f,-89,c0:7b:bc:36:21:20,-72,20:bb:c0:83:e3:9f,-79
1544600148297245960,-1.8096342587950018,7.356020439822799,84:b8:02:c9:67:00,-74,b0:aa:77:45:28:50,-76,1c:e6:c7:4b:c5:8f,-71,84:b8:02:9e:73:c0,-68,84:b8:02:9e:79:f0,-79,84:b8:02:9e:73:cf,-86,1c:e6:c7:4b:c5:80,-49,20:bb:c0:1d:18:60,-50,84:b8:02:9e:79:ff,-87,20:bb:c0:1d:18:6f,-63,58:bc:27:92:80:7f,-67,58:bc:27:92:80:70,-41,00:25:84:22:f6:30,-72,1c:e6:c7:4b:b7:50,-55,00:25:84:22:fa:8f,-93,1c:e6:c7:4a:d3:60,-52,00:25:84:22:f6:3f,-91,1c:e6:c7:4a:d3:6f,-71,00:25:84:22:ff:90,-74,00:25:84:23:1d:90,-72,00:23:eb:0b:52:00,-75,20:bb:c0:83:e3:90,-62,b0:aa:77:62:41:20,-73,00:25:84:22:fa:80,-72,1c:e6:c7:4b:b7:5f,-78,00:25:84:22:ff:9f,-87,00:23:eb:3a:10:90,-77,b0:aa:77:34:54:3f,-89,c0:7b:bc:36:21:20,-72,20:bb:c0:83:e3:9f,-79
1544600151324948090,-2.0026809861623978,5.911567110236531,84:b8:02:c9:67:00,-74,b0:aa:77:45:28:50,-76,1c:e6:c7:4b:c5:8f,-75,84:b8:02:9e:73:c0,-68,84:b8:02:9e:79:f0,-79,84:b8:02:9e:73:cf,-86,1c:e6:c7:4b:c5:80,-51,20:bb:c0:1d:18:60,-50,84:b8:02:9e:79:ff,-87,20:bb:c0:1d:18:6f,-64,58:bc:27:92:80:7f,-63,58:bc:27:92:80:70,-48,00:25:84:22:f6:30,-72,1c:e6:c7:4b:b7:50,-66,00:25:84:22:fa:8f,-93,1c:e6:c7:4a:d3:60,-52,00:25:84:22:f6:3f,-91,1c:e6:c7:4a:d3:6f,-63,00:25:84:22:ff:90,-74,00:25:84:23:1d:90,-71,00:23:eb:0b:52:00,-75,20:bb:c0:83:e3:90,-49,b0:aa:77:62:41:20,-73,00:25:84:22:fa:80,-72,1c:e6:c7:4b:b7:5f,-81,00:25:84:22:ff:9f,-87,00:23:eb:3a:10:90,-66,b0:aa:77:34:54:3f,-89,c0:7b:bc:36:21:20,-70,20:bb:c0:83:e3:9f,-80
1544600154412059390,-2.221133546524084,4.439733356849644,84:b8:02:c9:67:00,-74,b0:aa:77:45:28:50,-76,1c:e6:c7:4b:c5:8f,-75,84:b8:02:9e:73:c0,-68,84:b8:02:9e:79:f0,-79,84:b8:02:9e:73:cf,-86,1c:e6:c7:4b:c5:80,-51,20:bb:c0:1d:18:60,-49,20:bb:c0:1d:18:6f,-70,58:bc:27:92:80:7f,-64,58:bc:27:92:80:70,-46,00:25:84:22:f6:30,-72,1c:e6:c7:4b:b7:50,-60,1c:e6:c7:4a:d3:60,-49,00:25:84:22:f6:3f,-91,1c:e6:c7:4a:d3:6f,-69,00:25:84:22:ff:90,-74,00:25:84:23:1d:90,-66,00:23:eb:0b:52:00,-75,20:bb:c0:83:e3:90,-65,b0:aa:77:62:41:20,-73,00:25:84:22:fa:80,-72,1c:e6:c7:4b:b7:5f,-84,00:25:84:22:ff:9f,-87,00:23:eb:3a:10:90,-73,b0:aa:77:34:54:3f,-90,c0:7b:bc:36:21:20,-70,20:bb:c0:83:e3:9f,-90,b0:aa:77:34:54:30,-62,00:23:eb:3a:12:20,-72,b0:aa:77:45:10:a0,-73,00:a2:ee:7c:4a:d0,-79
1544600157438187193,-2.416282769012859,2.9927839601005615,b0:aa:77:45:28:50,-76,1c:e6:c7:4b:c5:8f,-75,84:b8:02:9e:73:c0,-68,84:b8:02:9e:79:f0,-79,84:b8:02:9e:73:cf,-86,1c:e6:c7:4b:c5:80,-51,20:bb:c0:1d:18:60,-49,20:bb:c0:1d:18:6f,-58,58:bc:27:92:80:7f,-61,58:bc:27:92:80:70,-62,00:25:84:22:f6:30,-72,1c:e6:c7:4b:b7:50,-63,1c:e6:c7:4a:d3:60,-49,00:25:84:22:f6:3f,-91,1c:e6:c7:4a:d3:6f,-63,00:25:84:22:ff:90,-74,00:25:84:23:1d:90,-66,20:bb:c0:83:e3:90,-65,b0:aa:77:62:41:20,-73,00:25:84:22:fa:80,-72,1c:e6:c7:4b:b7:5f,-72,00:25:84:22:ff:9f,-87,00:23:eb:3a:10:90,-73,b0:aa:77:34:54:3f,-87,c0:7b:bc:36:21:20,-70,20:bb:c0:83:e3:9f,-88,b0:aa:77:34:54:30,-67,00:23:eb:3a:12:20,-72,b0:aa:77:45:10:a0,-73,00:a2:ee:7c:4a:d0,-79,5c:a4:8a:bf:bb:0f,-92,b0:aa:77:62:41:2f,-82,1c:e6:c7:4c:66:7f,-91
1544600160524293231,-2.585430291608559,1.514265255009292,1c:e6:c7:4b:c5:8f,-79,84:b8:02:9e:73:c0,-68,84:b8:02:9e:79:f0,-79,84:b8:02:9e:73:cf,-86,1c:e6:c7:4b:c5:80,-49,20:bb:c0:1d:18:60,-60,20:bb:c0:1d:18:6f,-66,58:bc:27:92:80:7f,-65,58:bc:27:92:80:70,-48,00:25:84:22:f6:30,-77,1c:e6:c7:4b:b7:50,-55,1c:e6:c7:4a:d3:60,-51,00:25:84:22:f6:3f,-91,1c:e6:c7:4a:d3:6f,-58,00:25:84:22:ff:90,-74,00:25:84:23:1d:90,-62,20:bb:c0:83:e3:90,-72,b0:aa:77:62:41:20,-65,00:25:84:22:fa:80,-72,1c:e6:c7:4b:b7:5f,-73,00:25:84:22:ff:9f,-87,00:23:eb:3a:10:90,-73,b0:aa:77:34:54:3f,-79,c0:7b:bc:36:21:20,-70,20:bb:c0:83:e3:9f,-88,b0:aa:77:34:54:30,-61,00:23:eb:3a:12:20,-72,b0:aa:77:45:10:a0,-70,00:a2:ee:7c:4a:d0,-79,5c:a4:8a:bf:bb:0f,-92,b0:aa:77:62:41:2f,-82,1c:e6:c7:4c:66:7f,-91,5c:a4:8a:bf:bb:00,-76
1544600163548386625,-2.7458690913504618,0.17929144763093843,1c:e6:c7:4b:c5:8f,-81,84:b8:02:9e:73:c0,-68,84:b8:02:9e:73:cf,-86,1c:e6:c7:4b:c5:80,-49,20:bb:c0:1d:18:60,-62,20:bb:c0:1d:18:6f,-70,58:bc:27:92:80:7f,-57,58:bc:27:92:80:70,-54,00:25:84:22:f6:30,-77,1c:e6:c7:4b:b7:50,-63,1c:e6:c7:4a:d3:60,-43,00:25:84:22:f6:3f,-91,1c:e6:c7:4a:d3:6f,-56,00:25:84:22:ff:90,-74,00:25:84:23:1d:90,-62,20:bb:c0:83:e3:90,-72,b0:aa:77:62:41:20,-60,00:25:84:22:fa:80,-72,1c:e6:c7:4b:b7:5f,-73,00:25:84:22:ff:9f,-87,00:23:eb:3a:10:90,-73,b0:aa:77:34:54:3f,-83,c0:7b:bc:36:21:20,-70,20:bb:c0:83:e3:9f,-88,b0:aa:77:34:54:30,-54,00:23:eb:3a:12:20,-72,b0:aa:77:45:10:a0,-70,00:a2:ee:7c:4a:d0,-79,5c:a4:8a:bf:bb:0f,-92,b0:aa:77:62:41:2f,-77,1c:e6:c7:4c:66:7f,-87,5c:a4:8a:bf:bb:00,-63
1544600166597521194,-2.065985842681182,0.008452193549905151,1c:e6:c7:4b:c5:8f,-81,84:b8:02:9e:73:c0,-68,84:b8:02:9e:73:cf,-86,1c:e6:c7:4b:c5:80,-49,20:bb:c0:1d:18:60,-62,20:bb:c0:1d:18:6f,-70,58:bc:27:92:80:7f,-57,58:bc:27:92:80:70,-54,00:25:84:22:f6:30,-77,1c:e6:c7:4b:b7:50,-63,1c:e6:c7:4a:d3:60,-43,00:25:84:22:f6:3f,-91,1c:e6:c7:4a:d3:6f,-56,00:25:84:22:ff:90,-74,00:25:84:23:1d:90,-62,20:bb:c0:83:e3:90,-72,b0:aa:77:62:41:20,-60,00:25:84:22:fa:80,-72,1c:e6:c7:4b:b7:5f,-73,00:25:84:22:ff:9f,-87,00:23:eb:3a:10:90,-73,b0:aa:77:34:54:3f,-83,c0:7b:bc:36:21:20,-70,20:bb:c0:83:e3:9f,-88,b0:aa:77:34:54:30,-54,00:23:eb:3a:12:20,-72,b0:aa:77:45:10:a0,-70,00:a2:ee:7c:4a:d0,-79,5c:a4:8a:bf:bb:0f,-92,b0:aa:77:62:41:2f,-77,1c:e6:c7:4c:66:7f,-87,5c:a4:8a:bf:bb:00,-63
